{"base_acc": 0.8150252525252525, "contribs": [-6.060607483959757e-05, 5.555557072511874e-05, 3.2828287658048794e-05, 6.313129415502772e-05, 0.00029545454890467227, -3.787878813454881e-05, -4.797980363946408e-05, 0.0004040403582621366, 7.070708670653403e-05, 0.000191919258213602, 1.0101010957441758e-05, -4.292929588700645e-05, -0.0004444443038664758, 0.00011111113417427987, -3.0303033781819977e-05, 0.00018939403526019305, -1.5151513252931181e-05, -1.5151516890909988e-05, 9.09090886125341e-05, -0.00015151519619394094, -0.0003585859667509794, -1.767676258168649e-05, -1.5151514162425883e-05, -7.32323169359006e-05, -3.0303033781819977e-05, -5.555556344916113e-05, 1.5151515981415287e-05, 0.0004520200309343636, -2.5252604700654047e-06, 1.0101009138452355e-05, 2.5252522846130887e-06, 3.787879177252762e-05, -2.7777761715697125e-05, -0.00011111111962236464, -4.797978908754885e-05, 0.0001489899295847863, 0.00027777781360782683, -0.0001893940061563626, -0.0002272727870149538, 0.00013888886314816773, 1.767677349562291e-05, -0.00015404040459543467, -6.565657531609759e-05, 0.0002626263303682208, -3.5353543353267014e-05, -0.00014141417341306806, -5.050508661952335e-06, 0.0001565656712045893], "bottom_up_results": [0.8143939393939394, 0.8125, 0.8125, 0.8125, 0.8131313131313131, 0.8131313131313131, 0.8131313131313131, 0.8131313131313131, 0.8131313131313131, 0.8131313131313131, 0.8118686868686869, 0.8118686868686869, 0.8112373737373737, 0.8112373737373737, 0.8106060606060606, 0.8112373737373737, 0.8106060606060606, 0.8118686868686869, 0.8118686868686869, 0.8118686868686869, 0.8125, 0.8118686868686869, 0.8112373737373737, 0.8106060606060606, 0.8106060606060606, 0.8106060606060606, 0.8106060606060606, 0.8106060606060606, 0.8106060606060606, 0.8106060606060606, 0.8112373737373737, 0.8106060606060606, 0.8106060606060606, 0.8118686868686869, 0.8106060606060606, 0.8112373737373737, 0.8112373737373737, 0.8112373737373737, 0.8118686868686869, 0.8112373737373737, 0.8112373737373737, 0.8118686868686869, 0.8118686868686869, 0.8131313131313131, 0.8131313131313131, 0.8137626262626263, 0.8150252525252525, 0.8162878787878788, 0.8150252525252525], "top_down_results": [0.8150252525252525, 0.8150252525252525, 0.8150252525252525, 0.8143939393939394, 0.8156565656565656, 0.8150252525252525, 0.8156565656565656, 0.8162878787878788, 0.8162878787878788, 0.8162878787878788, 0.8162878787878788, 0.8162878787878788, 0.8162878787878788, 0.8162878787878788, 0.8169191919191919, 0.8175505050505051, 0.8169191919191919, 0.8156565656565656, 0.8156565656565656, 0.8156565656565656, 0.8175505050505051, 0.8175505050505051, 0.8169191919191919, 0.8175505050505051, 0.8175505050505051, 0.8143939393939394, 0.8143939393939394, 0.8143939393939394, 0.8125, 0.8125, 0.8125, 0.8137626262626263, 0.8131313131313131, 0.8131313131313131, 0.8131313131313131, 0.8131313131313131, 0.8131313131313131, 0.8131313131313131, 0.8131313131313131, 0.8137626262626263, 0.8131313131313131, 0.8131313131313131, 0.8131313131313131, 0.8137626262626263, 0.8137626262626263, 0.8131313131313131, 0.8137626262626263, 0.8131313131313131, 0.8143939393939394], "bottom_up_rev_results": [0.8143939393939394, 0.8131313131313131, 0.8137626262626263, 0.8131313131313131, 0.8137626262626263, 0.8137626262626263, 0.8131313131313131, 0.8131313131313131, 0.8131313131313131, 0.8137626262626263, 0.8131313131313131, 0.8131313131313131, 0.8131313131313131, 0.8131313131313131, 0.8131313131313131, 0.8131313131313131, 0.8131313131313131, 0.8137626262626263, 0.8125, 0.8125, 0.8125, 0.8143939393939394, 0.8143939393939394, 0.8143939393939394, 0.8175505050505051, 0.8175505050505051, 0.8169191919191919, 0.8175505050505051, 0.8175505050505051, 0.8156565656565656, 0.8156565656565656, 0.8156565656565656, 0.8169191919191919, 0.8175505050505051, 0.8169191919191919, 0.8162878787878788, 0.8162878787878788, 0.8162878787878788, 0.8162878787878788, 0.8162878787878788, 0.8162878787878788, 0.8162878787878788, 0.8156565656565656, 0.8150252525252525, 0.8156565656565656, 0.8143939393939394, 0.8150252525252525, 0.8150252525252525, 0.8150252525252525], "top_down_rev_results": [0.8150252525252525, 0.8162878787878788, 0.8150252525252525, 0.8137626262626263, 0.8131313131313131, 0.8131313131313131, 0.8118686868686869, 0.8118686868686869, 0.8112373737373737, 0.8112373737373737, 0.8118686868686869, 0.8112373737373737, 0.8112373737373737, 0.8112373737373737, 0.8106060606060606, 0.8118686868686869, 0.8106060606060606, 0.8106060606060606, 0.8112373737373737, 0.8106060606060606, 0.8106060606060606, 0.8106060606060606, 0.8106060606060606, 0.8106060606060606, 0.8106060606060606, 0.8106060606060606, 0.8112373737373737, 0.8118686868686869, 0.8125, 0.8118686868686869, 0.8118686868686869, 0.8118686868686869, 0.8106060606060606, 0.8112373737373737, 0.8106060606060606, 0.8112373737373737, 0.8112373737373737, 0.8118686868686869, 0.8118686868686869, 0.8131313131313131, 0.8131313131313131, 0.8131313131313131, 0.8131313131313131, 0.8131313131313131, 0.8131313131313131, 0.8125, 0.8125, 0.8125, 0.8143939393939394]}