{"base_acc": 0.9254317111459969, "contribs": [-2.1978023141855374e-05, -3.139717591693625e-06, -5.96546487940941e-05, -8.16326864878647e-05, -6.27943518338725e-06, -0.00019780230650212616, -6.27943518338725e-06, 9.419152775080875e-06, -0.00010361071326769888, -0.0001381476322421804, -9.419152775080875e-06, 0.0, -3.139717591693625e-06, 6.27943518338725e-06, 6.27943518338725e-06, -3.139717591693625e-06, 0.0, -4.709577115136199e-05, 3.139717591693625e-06, 0.0, -6.27943518338725e-06, 6.27943518338725e-06, -2.5117740733549e-05, 1.25588703667745e-05, 9.419152775080875e-06, 1.25588703667745e-05, 1.25588703667745e-05, -9.419152775080875e-06, 0.0, 6.27943518338725e-06, -6.27943518338725e-06, 0.0, 0.0, 1.25588703667745e-05, -1.883830555016175e-05, -3.139717591693625e-06, 1.5698587958468124e-05, -1.883830555016175e-05, 1.5698587958468124e-05, -2.1978023141855374e-05, -3.139717591693625e-06, -9.419152775080875e-06, -3.139717591693625e-06, 6.27943518338725e-06, -1.883830555016175e-05, -3.1397139537148178e-06, -1.883830555016175e-05, 2.1978023141855374e-05, -1.25588703667745e-05, 0.0, 9.419152775080875e-06, 3.139717591693625e-06, -9.419152775080875e-06, 6.27943518338725e-06, -3.139717591693625e-06, -1.5698587958468124e-05, 6.27943518338725e-06, -3.139717591693625e-06, -1.5698587958468124e-05, -3.139717591693625e-06, -6.27943518338725e-06, 9.419152775080875e-06, -6.27943518338725e-06, -3.139717591693625e-06, 3.139717591693625e-06, -6.27943518338725e-06, 0.0, 3.139717591693625e-06, -1.25588703667745e-05, 1.883830555016175e-05, -9.419152775080875e-06, -2.8257458325242624e-05, -5.023548874305561e-05, 2.1978019503876567e-05, -3.139717591693625e-06, 3.139717591693625e-06, 6.27943518338725e-06, -3.4536893508629873e-05, -3.76766111003235e-05, 1.5698587958468124e-05, -9.419152775080875e-06, 5.3375209972728044e-05, -3.139717591693625e-06, -9.419152775080875e-06, -1.5698587958468124e-05, 2.1978023141855374e-05, 3.139717591693625e-06, -7.221353007480502e-05, 1.5698587958468124e-05, -9.419152775080875e-06, -1.5698587958468124e-05, -3.4536893508629873e-05, -1.5698587958468124e-05, 9.419152775080875e-06, -1.5698587958468124e-05, 3.139717591693625e-06, 1.5698587958468124e-05, -5.0235510570928454e-05, -1.5698587958468124e-05, -9.105183562496677e-05, -5.3375209972728044e-05, 3.4536893508629873e-05, -4.709577115136199e-05, -3.139717591693625e-06, 4.081633232999593e-05, 5.337521361070685e-05, -0.00010675043449737132, 6.27943518338725e-06, 2.8257454687263817e-05, -3.7676603824365884e-05, -7.849295798223466e-05, -2.1978023141855374e-05, -5.6514920288464054e-05, 1.883830555016175e-05, -8.16326864878647e-05, -2.5117740733549e-05, 4.709577115136199e-05, 1.255887582374271e-05, 6.593408761546016e-05, -5.023548874305561e-05, -9.41915568546392e-05, 2.5117740733549e-05, -0.00011616956180660054, 0.0, 8.791212167125195e-05, -7.849296525819227e-05, 3.139717591693625e-06, 4.081633232999593e-05, -0.00023233916726894677, -5.023548874305561e-05, -0.00011616957635851577, -1.5698587958468124e-05, -2.5117738914559595e-05, 6.907379429321736e-05, -0.00010047100658994168, -0.00011930928303627297, 3.4536893508629873e-05, -4.081633232999593e-05, -9.105184290092438e-05, -4.081633232999593e-05, -4.709577115136199e-05, 2.8257460144232027e-05, -3.76766111003235e-05, -0.00010361072781961411], "bottom_up_results": [0.9270015698587127, 0.9262166405023547, 0.9262166405023547, 0.9270015698587127, 0.9262166405023547, 0.9270015698587127, 0.9262166405023547, 0.9262166405023547, 0.9270015698587127, 0.9270015698587127, 0.9270015698587127, 0.9270015698587127, 0.9270015698587127, 0.9270015698587127, 0.9270015698587127, 0.9270015698587127, 0.9270015698587127, 0.9270015698587127, 0.9270015698587127, 0.9270015698587127, 0.9270015698587127, 0.9270015698587127, 0.9270015698587127, 0.9270015698587127, 0.9270015698587127, 0.9270015698587127, 0.9270015698587127, 0.9270015698587127, 0.9270015698587127, 0.9270015698587127, 0.9270015698587127, 0.9270015698587127, 0.9270015698587127, 0.9270015698587127, 0.9270015698587127, 0.9270015698587127, 0.9270015698587127, 0.9270015698587127, 0.9270015698587127, 0.9270015698587127, 0.9270015698587127, 0.9270015698587127, 0.9270015698587127, 0.9270015698587127, 0.9270015698587127, 0.9270015698587127, 0.9270015698587127, 0.9270015698587127, 0.9270015698587127, 0.9270015698587127, 0.9270015698587127, 0.9270015698587127, 0.9270015698587127, 0.9270015698587127, 0.9270015698587127, 0.9270015698587127, 0.9270015698587127, 0.9270015698587127, 0.9270015698587127, 0.9270015698587127, 0.9270015698587127, 0.9270015698587127, 0.9270015698587127, 0.9270015698587127, 0.9270015698587127, 0.9270015698587127, 0.9270015698587127, 0.9270015698587127, 0.9270015698587127, 0.9270015698587127, 0.9270015698587127, 0.9270015698587127, 0.9270015698587127, 0.9270015698587127, 0.9270015698587127, 0.9270015698587127, 0.9270015698587127, 0.9270015698587127, 0.9270015698587127, 0.9270015698587127, 0.9270015698587127, 0.9270015698587127, 0.9270015698587127, 0.9270015698587127, 0.9270015698587127, 0.9270015698587127, 0.9270015698587127, 0.9270015698587127, 0.9270015698587127, 0.9270015698587127, 0.9270015698587127, 0.9270015698587127, 0.9270015698587127, 0.9270015698587127, 0.9270015698587127, 0.9270015698587127, 0.9270015698587127, 0.9270015698587127, 0.9270015698587127, 0.9270015698587127, 0.9270015698587127, 0.9270015698587127, 0.9270015698587127, 0.9270015698587127, 0.9270015698587127, 0.9270015698587127, 0.9270015698587127, 0.9270015698587127, 0.9270015698587127, 0.9270015698587127, 0.9270015698587127, 0.9270015698587127, 0.9270015698587127, 0.9270015698587127, 0.9270015698587127, 0.9270015698587127, 0.9270015698587127, 0.9270015698587127, 0.9270015698587127, 0.9270015698587127, 0.9270015698587127, 0.9254317111459969, 0.9254317111459969, 0.9254317111459969, 0.9254317111459969, 0.9254317111459969, 0.9254317111459969, 0.9254317111459969, 0.9254317111459969, 0.9254317111459969, 0.9254317111459969, 0.9262166405023547, 0.9262166405023547, 0.9262166405023547, 0.9254317111459969, 0.9254317111459969, 0.9262166405023547, 0.9254317111459969, 0.9254317111459969, 0.9254317111459969, 0.9254317111459969, 0.9254317111459969, 0.9254317111459969, 0.9254317111459969, 0.9254317111459969],