{"base_acc": 0.8485086342229199, "contribs": [0.013265307992696762, -0.0032182103022933006, 0.01310831867158413, 0.008257457055151463, 0.030659347772598267, 0.013814757578074932, -0.007095762994140387, 0.01221349835395813, 0.006985870655626059, -0.0005651488900184631, 0.00474097253754735, 0.011381474323570728, 0.0030926212202757597, -0.0014128726907074451, -0.0002825746196322143, 0.005416011903434992, 0.003971742000430822, 0.013516483828425407, 0.007833593524992466, 0.00824175775051117, -0.0025117737241089344, -0.002025117864832282, -0.008665618486702442, 0.011695445515215397, -0.002998430049046874, 0.02411302737891674, 0.00951334461569786, -0.019403457641601562, 0.03524332493543625, 0.0018838305259123445, -0.008901098743081093, 0.0012715858174487948, 0.0017896386561915278, 0.0062009422108531, -0.014693877659738064, -0.011868132278323174, 0.034583985805511475, 0.01362637523561716, 0.021051805466413498, 0.007409732788801193, -0.004427001811563969, 0.0155573021620512, 0.023171111941337585, 0.039623234421014786, -0.006797486450523138, 0.006122448481619358, -0.02249608002603054, 0.009246467612683773, 0.0, 0.0, 0.0, 0.0, 0.0, 0.0, 0.0, 0.0, 0.0, 0.0, 0.0, 0.0, 0.0, 0.0, 0.0, 0.0, 0.0, 0.0, 0.0, 0.0, 0.0, 0.0, 0.0, 0.0, 0.0, 0.0, 0.0, 0.0, 0.0, 0.0, 0.0, 0.0, 0.0, 0.0, 0.0, 0.0, 0.0, 0.0, 0.0, 0.0, 0.0, 0.0, 0.0, 0.0, 0.0, 0.0, 0.0, 0.0, 0.0055729979649186134, 0.020706435665488243, 0.02777080237865448, 0.0006122449412941933, -0.005039247218519449, 0.018288854509592056, 0.000580847670789808, 0.0018838302930817008, -0.00045525902532972395, 0.006467816885560751, 0.0007378336740657687, 0.0008477236842736602, 0.0012872840743511915, 0.0170486681163311, -0.002747252816334367, 0.002590266987681389, -0.0003924646880477667, 0.00032967040897347033, -0.0009105179342441261, -0.025054948404431343, -0.002166405087336898, 0.0013971743173897266, 0.0010361068416386843, -0.018304549157619476, 0.0018210361013188958, -0.00226059602573514, 0.0002668759843800217, -0.03406592831015587, 0.0055102030746638775, 0.008744112215936184, 0.022213498130440712, 0.002386185573413968, 0.003233908675611019, 0.003108319826424122, -0.00018838308460544795, -0.08777078241109848, 0.01795918308198452, -0.01274725142866373, 0.005117739550769329, 0.03301412984728813, -0.00023547883029095829, 0.0004552591417450458, 0.00036106741754338145, -0.006499216426163912, 0.019215071573853493, -0.022590266540646553, -0.008398743346333504, 0.008854002691805363, 0.0, 0.0, 0.0, 0.0, 0.0, 0.0, 0.0, 0.0, 0.0, 0.0, 0.0, 0.0, 0.0, 0.0, 0.0, 0.0, 0.0, 0.0, 0.0, 0.0, 0.0, 0.0, 0.0, 0.0, 0.0, 0.0, 0.0, 0.0, 0.0, 0.0, 0.0, 0.0, 0.0, 0.0, 0.0, 0.0, 0.0, 0.0, 0.0, 0.0, 0.0, 0.0, 0.0, 0.0, 0.0, 0.0, 0.0, 0.0], "bottom_up_results": [0.5243328100470958, 0.510989010989011, 0.5094191522762951, 0.5102040816326531, 0.5070643642072213, 0.5047095761381476, 0.5070643642072213, 0.5070643642072213, 0.5031397174254317, 0.5015698587127159, 0.5054945054945055, 0.5054945054945055, 0.5023547880690737, 0.5023547880690737, 0.5023547880690737, 0.5023547880690737, 0.5023547880690737, 0.5023547880690737, 0.5023547880690737, 0.5023547880690737, 0.5023547880690737, 0.5023547880690737, 0.5023547880690737, 0.5023547880690737, 0.5023547880690737, 0.5023547880690737, 0.5015698587127159, 0.5015698587127159, 0.5023547880690737, 0.5023547880690737, 0.5023547880690737, 0.5023547880690737, 0.5023547880690737, 0.5023547880690737, 0.5023547880690737, 0.5023547880690737, 0.5023547880690737, 0.5023547880690737, 0.5023547880690737, 0.5023547880690737, 0.5023547880690737, 0.5023547880690737, 0.5023547880690737, 0.5023547880690737, 0.5023547880690737, 0.5023547880690737, 0.5023547880690737, 0.5023547880690737, 0.5023547880690737, 0.5023547880690737, 0.5023547880690737, 0.5023547880690737, 0.5023547880690737, 0.5023547880690737, 0.5023547880690737, 0.5023547880690737, 0.5023547880690737, 0.5023547880690737, 0.5023547880690737, 0.5023547880690737, 0.5023547880690737, 0.5023547880690737, 0.5023547880690737, 0.5023547880690737, 0.5023547880690737, 0.5023547880690737, 0.5023547880690737, 0.5023547880690737, 0.5023547880690737, 0.5023547880690737, 0.5023547880690737, 0.5023547880690737, 0.5023547880690737, 0.5023547880690737, 0.5023547880690737, 0.5023547880690737, 0.5023547880690737, 0.5023547880690737, 0.5023547880690737, 0.5023547880690737, 0.5023547880690737, 0.5023547880690737, 0.5023547880690737, 0.5023547880690737, 0.5023547880690737, 0.5023547880690737, 0.5023547880690737, 0.5023547880690737, 0.5023547880690737, 0.5023547880690737, 0.5023547880690737, 0.5023547880690737, 0.5023547880690737, 0.5023547880690737, 0.5023547880690737, 0.5023547880690737, 0.5023547880690737, 0.5023547880690737, 0.5023547880690737, 0.5023547880690737, 0.5023547880690737, 0.5023547880690737, 0.5023547880690737, 0.5023547880690737, 0.5023547880690737, 0.5023547880690737, 0.5023547880690737, 0.5023547880690737, 0.5023547880690737, 0.5023547880690737, 0.5023547880690737, 0.5023547880690737, 0.5023547880690737, 0.5023547880690737, 0.5023547880690737, 0.5023547880690737, 0.5023547880690737, 0.5023547880690737, 0.5023547880690737, 0.5023547880690737, 0.5023547880690737, 0.5023547880690737, 0.5023547880690737, 0.5023547880690737, 0.5023547880690737, 0.5023547880690737, 0.5023547880690737, 0.5023547880690737, 0.5023547880690737, 0.5023547880690737, 0.5023547880690737, 0.5031397174254317, 0.5031397174254317, 0.5031397174254317, 0.5031397174254317, 0.5031397174254317, 0.5031397174254317, 0.5031397174254317, 0.5031397174254317, 0.5031397174254317, 0.5031397174254317, 0.5031397174254317, 0.5031397174254317, 0.5039246467817896, 0.5047095761381476, 0.5047095761381476, 0.5047095761381476, 0.5047095761381476, 0.5047095761381476, 0.5047095761381476, 0.5047095761381476, 0.5039246467817896, 0.5039246467817896, 0.5039246467817896, 0.5054945054945055, 0.5054945054945055, 0.5054945054945055, 0.5062794348508635, 0.5070643642072213, 0.5070643642072213, 0.5086342229199372, 0.5078492935635793, 0.5070643642072213, 0.5078492935635793, 0.5062794348508635, 0.5062794348508635, 0.5094191522762951, 0.5086342229199372, 0.5117739403453689, 0.5125588697017268, 0.5117739403453689, 0.5149136577708007, 0.521978021978022, 0.5204081632653061, 0.5274725274725275, 0.5313971742543171, 0.5274725274725275, 0.5368916797488226, 0.543171114599686, 0.554945054945055, 0.5714285714285714, 0.5855572998430141, 0.6083202511773941, 0.6114599686028257, 0.6248037676609105, 0.6601255886970173, 0.6946624803767661, 0.7441130298273155, 0.7425431711145997, 0.7857142857142857, 0.7982731554160125, 0.8163265306122449, 0.8485086342229199],